--CODE => TO_CHAR(SYSDATE,'YYMIDDMMSSHH24')로 할 예정 // 년 - 분 - 일 - 월 - 일 - 시간
SELECT TO_CHAR(SYSDATE,'YYMIDDMMSSHH24---')||USER_CODE_SEQUENCE.nextval FROM DUAL; 

--------DQL

---MEMBER INSERT
INSERT INTO MEMBER VALUES (20240412,'ID1','PWD',01012345678,'ID1@NAVER.COM');
INSERT INTO MEMBER VALUES (20240413,'ID2','PWD',01012345679,'ID2@NAVER.COM');
INSERT INTO MEMBER VALUES (20240414,'ID3','PWD',01012345670,'ID3@NAVER.COM');
INSERT INTO MEMBER VALUES (TO_CHAR(SYSDATE,'YYMIDDMMSSHH24'));



SELECT * FROM MEMBER;
---RESTORANT OWNER INFO INSERT
INSERT INTO RESTORANT_OWNER VALUES (20240411,20240412);
INSERT INTO RESTORANT_OWNER VALUES (20240413,20240413);
INSERT INTO RESTORANT_OWNER VALUES (20240414,20240414);

SELECT * FROM RESTORANT_OWNER;

---RESTORANT INSERT
INSERT INTO RESTORANT VALUES(20240412,20240411,'임시1',01012345678,NULL,'RS1@NAVER.COM','서울시 강남구~~로','최고의 음식으로 보답하겠습니다',20240412,'KR');
INSERT INTO RESTORANT VALUES(20240413,20240413,'임시2',01012345679,NULL,'RS2@NAVER.COM','서울시 강남구~~로','최고의 음식으로 보답하겠습니다',20240413,'KR');
INSERT INTO RESTORANT VALUES(20240414,20240414,'임시3',01012345670,NULL,'RS3@NAVER.COM','서울시 강남구~~로','최고의 음식으로 보답하겠습니다',20240414,'KR');

SELECT * FROM RESTORANT;

--RESTORANT INFO INSERT
INSERT INTO RESTORANT_INFO VALUES(20240412,'Y','Y','Y','Y','Y');
INSERT INTO RESTORANT_INFO VALUES(20240413,'Y','N','Y','N','Y');
INSERT INTO RESTORANT_INFO VALUES(20240414,'N','N','N','N','N');

SELECT * FROM RESTORANT_INFO;

--MENU INSERT
INSERT INTO MENU VALUES('1',20240412,'국밥','IMG1','18시간 푹 우려낸 국밥');
INSERT INTO MENU VALUES('2',20240412,'불고기','IMG1','18시간 푹 우려낸 불고기');
INSERT INTO MENU VALUES('3',20240412,'파전','IMG1','18시간 푹 우려낸 파전');

INSERT INTO MENU VALUES('4',20240413,'수육','IMG1','18시간 푹 우려낸 국밥');
INSERT INTO MENU VALUES('5',20240413,'김치','IMG1','18시간 푹 우려낸 불고기');
INSERT INTO MENU VALUES('6',20240413,'깻잎','IMG1','18시간 푹 우려낸 파전');

INSERT INTO MENU VALUES('7',20240414,'라면','IMG1','18시간 푹 우려낸 국밥');
INSERT INTO MENU VALUES('8',20240414,'김밥','IMG1','18시간 푹 우려낸 불고기');
INSERT INTO MENU VALUES('9',20240414,'떡국','IMG1','18시간 푹 우려낸 파전');

SELECT * FROM MENU;

---RESTORANT REVIEW INSERT
INSERT INTO RESTORANT_REVIEW VALUES(20240412,20240412,20240412,1,'맛있음','20240412',5);
INSERT INTO RESTORANT_REVIEW VALUES(20240413,20240412,20240412,1,'맛있음','20240412',5);
INSERT INTO RESTORANT_REVIEW VALUES(20240414,20240412,20240412,1,'맛있음','20240412',5);

INSERT INTO RESTORANT_REVIEW VALUES(20240415,20240413,20240413,1,'맛있음','20240412',5);
INSERT INTO RESTORANT_REVIEW VALUES(20240416,20240413,20240414,1,'맛있음','20240412',5);
INSERT INTO RESTORANT_REVIEW VALUES(20240417,20240413,20240412,1,'맛있음','20240412',5);

INSERT INTO RESTORANT_REVIEW VALUES(20240418,20240414,20240414,1,'맛있음','20240412',5);
INSERT INTO RESTORANT_REVIEW VALUES(20240419,20240414,20240414,1,'맛있음','20240412',5);
INSERT INTO RESTORANT_REVIEW VALUES(20240420,20240414,20240412,1,'맛있음','20240412',5);



INSERT INTO RESTORANT_REVIEW VALUES(20240422,20240414,20240412,1,'맛있음',TO_DATE('20240412','YYMMDD'),5);
INSERT INTO RESTORANT_REVIEW VALUES(20240423,20240414,20240412,1,'맛있음',TO_DATE('20240412','YYMMDD'),5);
INSERT INTO RESTORANT_REVIEW VALUES(20240424,20240414,20240412,1,'맛있음',SYSDATE,5);


SELECT * FROM RESTORANT_REVIEW;

---MEMBER_DELIVER_INFO INSERT
INSERT INTO MEMBER_DELIVER_INFO VALUES(20240412,20240412,1,2,'N','빠르게 부탁','맛있게 부탁','강남구');
INSERT INTO MEMBER_DELIVER_INFO VALUES(20240413,20240412,2,4,'N','빠르게 부탁','맛있게 부탁','강남구');
INSERT INTO MEMBER_DELIVER_INFO VALUES(20240414,20240412,4,3,'N','빠르게 부탁','맛있게 부탁','강남구');
INSERT INTO MEMBER_DELIVER_INFO VALUES(20240415,20240412,3,1,'N','빠르게 부탁','맛있게 부탁','강남구');

SELECT * FROM MEMBER_DELIVER_INFO;






